name,Betweenness,Closeness,Degree,Eigenvector,LAC,Network,,,0,0.077433628,5,0.025148619,1,1.5
ABCC1,0,0.007142857,1,0,0,0,,,,,,,,
ABCG2,0,0.007142857,1,0,0,0,,,,,,,,
ADIPOQ,57.81855672,0.074152542,2,0.002781847,0,0,,,,,,,,
PPARG,1762.266008,0.079500284,8,0.041545928,1,1.39047619,,,,,,,,
PPARA,10.53279857,0.070742799,3,7.23E-04,0.666666667,1,,,,,,,,
AHR,201.3966304,0.07751938,3,0.027636137,0.666666667,1,,,,,,,,
ESR1,1222.126441,0.081919251,23,0.220613867,8,13.91971347,,,,,,,,
CYP1A1,210.0978238,0.074428495,9,0.00433606,3.333333333,6.316666667,,,,,,,,
HSP90AA1,761.4097031,0.081018519,23,0.194934502,5.826086957,12.55549085,,,,,,,,
AKT1,1584.083344,0.082401413,32,0.267595798,7.375,19.46018004,,,,,,,,
MAPK1,413.817903,0.081632653,20,0.199508429,7.3,11.53880267,,,,,,,,
CCND1,150.9822827,0.080367394,17,0.170065925,7.294117647,11.13244811,,,,,,,,
MAPK14,30.45010502,0.079590677,9,0.105535224,5.333333333,6.505952381,,,,,,,,
HSPB1,0.852380952,0.078695897,4,0.058506049,2.5,3.333333333,,,,,,,,
MDM2,138.7135356,0.079954312,14,0.145454064,5.571428571,6.963827839,,,,,,,,
MAPK3,448.611072,0.081490105,19,0.181916893,6.315789474,10.19048043,,,,,,,,
STAT3,1647.43726,0.082352941,28,0.252072483,7.285714286,14.39982368,,,,,,,,
EGF,163.9898772,0.078299776,6,0.047638822,1.333333333,1.866666667,,,,,,,,
TP53,3892.920219,0.083135392,42,0.320848078,8.238095238,31.37228115,,,,,,,,
NCF1,244.1244274,0.078607524,8,0.05616473,2.25,2.904761905,,,,,,,,
NOS3,8.96513923,0.07751938,4,0.037187777,2,2.833333333,,,,,,,,
CASP3,923.290797,0.081442699,20,0.166333988,5.5,10.65151661,,,,,,,,
HSPA5,48.77472707,0.077177508,3,0.031431254,0.666666667,1,,,,,,,,
GSK3B,91.00683875,0.079051383,8,0.088822305,4,5.542857143,,,,,,,,
NOS2,21.85877897,0.077262693,3,0.024840144,0.666666667,1,,,,,,,,
CASP9,17.79334359,0.079051383,9,0.087955952,5.555555556,7.25,,,,,,,,
CAV1,481.2580448,0.079455165,11,0.077681676,2.363636364,3.576190476,,,,,,,,
STAT1,317.3032506,0.080229226,12,0.112151876,3.833333333,4.845887446,,,,,,,,
CHUK,29.86024773,0.080137378,8,0.088441186,4.25,5,,,,,,,,
XIAP,68.8207266,0.079500284,9,0.083990395,4.888888889,5.75,,,,,,,,
BCL2L1,208.5413889,0.08004574,13,0.116696008,5.384615385,9.016666667,,,,,,,,
BAD,5.799743506,0.078037904,6,0.071937315,3.333333333,4,,,,,,,,
NFE2L2,435.7281053,0.077907624,6,0.038450018,1.333333333,2.533333333,,,,,,,,
BCL2,826.6838084,0.080645161,21,0.195877552,6.952380952,12.78101896,,,,,,,,
CDKN1A,96.66839535,0.079681275,13,0.136708707,6.769230769,9.01984127,,,,,,,,
TNF,1593.005763,0.081537566,25,0.162428319,7.12,16.41730426,,,,,,,,
IKBKB,23.54579225,0.080091533,7,0.083054811,4.285714286,5,,,,,,,,
HIF1A,29.19197774,0.080645161,13,0.171002746,7.846153846,8.5,,,,,,,,
MYC,236.8070938,0.080645161,18,0.196260601,8.222222222,11.05140056,,,,,,,,
CTNNB1,433.5686452,0.08097166,15,0.142496899,4.8,6.594139194,,,,,,,,
ALOX5,258,0.074746396,3,0.005162389,0.666666667,1,,,,,,,,
LTA4H,0,0.06993007,1,3.38E-04,0,0,,,,,,,,
PTGS1,2,0.074746396,3,0.005457882,1.333333333,2.5,,,,,,,,
PTGS2,1136.186539,0.080137378,10,0.072873525,2.4,4.722222222,,,,,,,,
APOB,6,0.007246377,3,0,0,0,,,,,,,,
PON1,0,0.007245627,1,0,0,0,,,,,,,,
LDLR,0,0.007245627,1,0,0,0,,,,,,,,
MTTP,0,0.007245627,1,0,0,0,,,,,,,,
APP,258,0.075839653,2,0.010992435,0,0,,,,,,,,
BACE1,0,0.070886076,1,7.23E-04,0,0,,,,,,,,
AR,2.789745206,0.079410096,7,0.095196381,4.571428571,5.333333333,,,,,,,,
MAPK8,1127.181882,0.081490105,14,0.131737947,4.142857143,6.052930403,,,,,,,,
BAX,259.5,0.077648364,5,0.044693284,2,2.666666667,,,,,,,,
HK2,0,0.072463768,1,0.002942429,0,0,,,,,,,,
MCL1,5.045180624,0.078212291,4,0.042684779,2.5,3.333333333,,,,,,,,
CTSD,0,0.075147611,2,0.020571068,1,2,,,,,,,,
SOD1,260.6469678,0.075228372,3,0.01502645,0,0,,,,,,,,
CASP8,84.66394165,0.07981756,9,0.087313697,4.222222222,4.785714286,,,,,,,,
PARP1,0,0.078256009,4,0.050744575,3,4,,,,,,,,
BIRC5,10.80588199,0.078125,5,0.047174308,2.4,3,,,,,,,,
CCNA2,10.32133684,0.077864294,8,0.057617605,4.75,5.764285714,,,,,,,,
PRKCB,139.1357018,0.077864294,7,0.05421498,3.428571429,4,,,,,,,,
PRKCA,15.25193666,0.078168621,7,0.061791934,3.714285714,4.333333333,,,,,,,,
IL1B,376.6871948,0.080275229,17,0.105333589,7.882352941,11.54403236,,,,,,,,
CAT,0,0.070351759,1,9.89E-04,0,0,,,,,,,,
KDR,9.458471934,0.077050083,4,0.030458013,1,1.333333333,,,,,,,,
ICAM1,280.1163413,0.077951002,9,0.050826378,4.222222222,5.925,,,,,,,,
EGFR,386.1562737,0.08115942,14,0.12962088,4.142857143,5.966317016,,,,,,,,
GJA1,2.411111111,0.07646095,3,0.030203784,0.666666667,1,,,,,,,,
ESR2,97.79431141,0.078168621,8,0.071604565,3.75,4.392857143,,,,,,,,
DPP4,0,0.074034902,1,0.005111933,0,0,,,,,,,,
CCL2,1538.105075,0.079051383,14,0.07542222,7.714285714,10.14038462,,,,,,,,
SERPINE1,1258,0.074074074,4,0.004999459,0.5,0.833333333,,,,,,,,
VCAM1,128.383559,0.077348066,6,0.032800708,2.333333333,3.6,,,,,,,,
IL4,72.69078511,0.078695897,11,0.0716286,6.909090909,9.177777778,,,,,,,,
CXCL2,82.10568092,0.078387458,9,0.056405272,6.222222222,7.75,,,,,,,,
IL1A,1.308608059,0.077220077,10,0.06062901,8.2,9.194444444,,,,,,,,
IFNG,187.2347354,0.07918552,15,0.088012174,7.333333333,11.58595016,,,,,,,,
IL10,53.74970558,0.078695897,11,0.074258141,7.818181818,9.388888889,,,,,,,,
CXCL10,90.33318445,0.077605322,11,0.063939907,6.909090909,8.663888889,,,,,,,,
IL6,1223.117248,0.081348053,23,0.150094643,7.391304348,14.97301434,,,,,,,,
RELA,1462.520351,0.081823495,17,0.151687607,5.647058824,8.045512821,,,,,,,,
CXCL8,190.9742516,0.079006772,14,0.078385167,8,11.05064103,,,,,,,,
CDK4,19.98383882,0.078475336,10,0.089372166,6.4,8.113095238,,,,,,,,
CDK2,5.243904505,0.077994429,9,0.077332675,6.444444444,7.821428571,,,,,,,,
RB1,127.0053626,0.078387458,8,0.064540721,4.25,4.857142857,,,,,,,,
E2F1,4.98772884,0.078081428,9,0.082850307,6.222222222,7.196428571,,,,,,,,
PCNA,0.285714286,0.077433628,6,0.056099843,4.666666667,5.6,,,,,,,,
FOS,414.4602142,0.080878105,16,0.151497781,5.75,8.743772894,,,,,,,,
CD40LG,0,0.07616975,3,0.021101465,2,3,,,,,,,,
CES1,35.21274272,0.071501532,2,3.17E-04,0,0,,,,,,,,
MPO,116.2573075,0.073490814,2,0.002213052,0,0,,,,,,,,
CYP3A4,430.6517222,0.074468085,9,0.002609469,2.444444444,4.55,,,,,,,,
NFKBIA,38.01570281,0.07963595,8,0.077117421,3.75,4.380952381,,,,,,,,
COL1A1,258,0.072840791,2,0.002417965,0,0,,,,,,,,
RUNX2,715.1034452,0.077994429,6,0.036586452,0.666666667,0.8,,,,,,,,
COL3A1,0,0.068259386,1,1.59E-04,0,0,,,,,,,,
MET,3.895929887,0.077605322,4,0.037612021,2,2.666666667,,,,,,,,
CXCL11,0,0.073878628,3,0.0129983,2,3,,,,,,,,
CYP19A1,480.867025,0.077262693,5,0.0198035,1.6,2.5,,,,,,,,
SULT1E1,0,0.072878709,3,0.001760893,2,3,,,,,,,,
GSTM2,26.51163456,0.071501532,6,9.15E-04,3.333333333,4.283333333,,,,,,,,
GSTM1,200.346747,0.073260073,7,0.001213809,2.857142857,4.05,,,,,,,,
CYP1A2,21.31930986,0.073221757,6,0.001297146,4,5,,,,,,,,
CYP1B1,18.30026224,0.072916667,5,0.001135947,3.2,4,,,,,,,,
GSTP1,693.5845877,0.077050083,6,0.009499431,1.666666667,2.1,,,,,,,,
NR1I2,165.7743221,0.072239422,2,5.04E-04,0,0,,,,,,,,
DRD2,0,0.007142857,1,0,0,0,,,,,,,,
SLC6A4,0,0.007142857,1,0,0,0,,,,,,,,
INSR,38.05164899,0.074428495,3,0.006861005,0,0,,,,,,,,
IGFBP3,476.4116814,0.078740157,4,0.030137815,0.5,0.666666667,,,,,,,,
F3,382,0.069513406,4,3.54E-04,1.5,3.333333333,,,,,,,,
PLAT,127,0.069478908,3,3.52E-04,1.333333333,2,,,,,,,,
THBD,1,0.065390005,3,4.76E-05,1.333333333,2.5,,,,,,,,
F7,0,0.065359477,2,2.61E-05,1,2,,,,,,,,
FOSL2,0,0.07646095,2,0.018633168,1,2,,,,,,,,
HSF1,0,0.075634792,2,0.018681468,1,2,,,,,,,,
GSR,185.1183984,0.074388948,4,0.003296916,0.5,0.666666667,,,,,,,,
SPP1,340.6481353,0.075634792,4,0.004861163,0.5,0.666666667,,,,,,,,
HMGCR,0,0.069410015,1,1.81E-04,0,0,,,,,,,,
SREBF1,258,0.074152542,2,0.002745988,0,0,,,,,,,,
HMOX1,0,0.073956683,2,0.004114015,1,2,,,,,,,,
NQO1,383.4985882,0.077734592,4,0.024025686,0.5,1.333333333,,,,,,,,
SELE,0,0.072954664,2,0.005472707,1,2,,,,,,,,
IRF1,12.32031541,0.077907624,4,0.039278958,1.5,2,,,,,,,,
IL2RA,0,0.075921909,4,0.025148619,3,4,,,,,,,,
IGF2,15.9697262,0.073684211,2,0.002435411,0,0,,,,,,,,
RXRA,584.4516178,0.075553157,6,0.005042366,1,2.7,,,,,,,,
MMP9,1069.776526,0.078037904,9,0.03347281,1.555555556,3.55952381,,,,,,,,
MMP1,9.505003314,0.074113287,3,0.003865683,1.333333333,2,,,,,,,,
MMP2,142.9236769,0.077562327,4,0.022710087,1,1.5,,,,,,,,
MMP3,270.5,0.073761855,4,0.002776097,1,1.5,,,,,,,,
MMP10,0,0.069067588,1,1.82E-04,0,0,,,,,,,,
ODC1,0,0.07253886,1,0.001582103,0,0,,,,,,,,
PLAU,0,0.069341258,1,3.26E-04,0,0,,,,,,,,
RXRB,140.2382021,0.07470651,4,0.003149713,1.5,2.833333333,,,,,,,,
PPARD,0,0.070671378,2,5.40E-04,1,2,,,,,,,,
SLC2A4,0,0.074074074,1,0.002734059,0,0,,,,,,,,
PTGES,0,0.074666667,2,0.005140221,1,2,,,,,,,,
SOAT1,0,0.007142857,1,0,0,0,,,,,,,,
SOAT2,0,0.007142857,1,0,0,0,,,,,,,,
,0,0.077433628,5,0.025148619,1,1.5,,,,,,,,
